[
  {
    "Id": "X2.Login.ScreenTitle",
    "Display": "Enter Your PIN",
    "Color": "#FFeb6e00"
  },
  {
    "Id": "X2.Login.Number",
    "Color": "#FFFFFFFF"
  },
  {
    "Id": "X2.Login.NumberCirle",
    "Color": "#a3a3a3"
  },
  {
    "Id": "Setup.Carrier.ScreenTitle",
    "Display": "Operator Carrier Code"
  },
  {
    "Id": "Setup.Carrier.OperatorCode",
    "Display": "Operator Carrier Code"
  },
  {
    "Id": "Setup.Carrier.Departure",
    "Display": "Departure Port"
  },
  {
    "Id": "Setup.Carrier.User",
    "Display": "Setup User",
    "Color": "#FFFFFFFF"
  },
  {
    "Id": "Setup.Carrier.UserIcon",
    "Display": "\uE181",
    "Color": "#FFeb6e00"
  },
  {
    "Id": "Setup.Carrier.Setting",
    "Display": "Setting",
    "Color": "#FFFFFFFF"
  },
  {
    "Id": "Setup.Carrier.SettingIcon",
    "Display": "\uE115",
    "Color": "#FFeb6e00"
  },
  {
    "Id": "Setup.Cancel",
    "Display": "Cancel",
    "Color": "#FFFFFFFF"
  },
  {
    "Id": "Setup.CancelIcon",
    "Display": "\uE10A",
    "Color": "#FFeb6e00"
  },
  {
    "Id": "Setup.Save",
    "Display": "Save",
    "Color": "#FFFFFFFF"
  },
  {
    "Id": "Setup.SaveIcon",
    "Display": "\uE105",
    "Color": "#FFeb6e00"
  },
  {
    "Id": "Setup.Setting.ScreenTitle",
    "Display": "Change Application Setting",
    "Color": "#FFFFFFFF"
  },
  {
    "Id": "Setup.Setting.AirlineIntegration",
    "Display": "Airline Integration",
    "Color": "#FFFFFFFF"
  },
  {
    "Id": "Setup.Setting.LiveStream",
    "Display": "Show Live Stream",
    "Color": "#FFFFFFFF"
  },
  {
    "Id": "Setup.Setting.DualStreams",
    "Display": "Show Dual Streams",
    "Color": "#FFFFFFFF"
  },
  {
    "Id": "Setup.Setting.CapturedPhotoOnSubmit",
    "Display": "Show Submission Photo",
    "Color": "#FFFFFFFF"
  },
  {
    "Id": "Setup.Setting.CapturedPhotoOnResult",
    "Display": "Show Result Photo",
    "Color": "#FFFFFFFF"
  },
  {
    "Id": "Setup.Setting.FaceTracking",
    "Display": "Show Face Tracking",
    "Color": "#FFFFFFFF"
  },
  {
    "Id": "Setup.Setting.Cancel",
    "Display": "Back",
    "Color": "#FFFFFFFF"
  },
  {
    "Id": "Setup.Setting.CancelIcon",
    "Display": "\uEDE2",
    "Color": "#FFeb6e00"
  },
  {
    "Id": "Airline.Input.ScreenTitle",
    "Display": "Airlines"
  },
  {
    "Id": "Airline.Input.Gate",
    "Display": "Gate"
  },
  {
    "Id": "Airline.Input.AirportCode",
    "Display": "Airport Code"
  },
  {
    "Id": "Airline.Input.Connect",
    "Display": "Connect"
  },
  {
    "Id": "Airline.Input.Skip",
    "Display": "Skip"
  },
  {
    "Id": "Airline.Input.SkipIcon",
    "Display": "\uE101"
  },
  {
    "Id": "Airline.Input.ConnectIcon",
    "Display": "\uE969"
  },
  {
    "Id": "Setup.Boarding.ScreenTitle",
    "Display": "Change Information for..."
  },
  {
    "Id": "Setup.Boarding.Flight",
    "Display": "Flight"
  },
  {
    "Id": "Setup.Boarding.Gate",
    "Display": "Gate"
  },
  {
    "Id": "Setup.Boarding.Destination",
    "Display": "Destination"
  },
  {
    "Id": "Setup.Boarding.TestCamera",
    "Display": "Test Camera",
    "Color": "#FFFFFFFF"
  },
  {
    "Id": "Setup.Boarding.TestCameraIcon",
    "Display": "\uE8A2",
    "Color": "#FFeb6e00"
  },
  {
    "Id": "Setup.Boarding.Save",
    "Display": "Boarding",
    "Color": "#FFFFFFFF"
  },
  {
    "Id": "Setup.Boarding.SaveIcon",
    "Display": "\uE709",
    "Color": "#FFeb6e00"
  },
  {
    "Id": "Setup.Credential.User",
    "Display": "User"
  },
  {
    "Id": "Setup.Credential.Pwd",
    "Display": "Password"
  },
  {
    "Id": "Setup.Credential.TestLogin",
    "Display": "Validate",
    "Color": "#FFFFFFFF"
  },
  {
    "Id": "Setup.Credential.TestLoginIcon",
    "Display": "\uEE57",
    "Color": "#FFeb6e00"
  },
  {
    "Id": "X2.Scanning.Flight",
    "Color": "#FFFFFFFF"
  },
  {
    "Id": "X2.Scanning.Destination",
    "Color": "#FFFFFFFF"
  },
  {
    "Id": "X2.Capture.PleaseWait",
    "Display": "Please Wait.",
    "Color": "#FFFFFFFF"
  },
  {
    "Id": "X2.Result.Thankyou",
    "Display": "Thank you,",
    "Color": "#FFFFFFFF"
  },
  {
    "Id": "X2.Result.Match",
    "Display": "Thank you,\r\nenjoy your flight.",
    "Color": "#FFFFFFFF",
	"Size":50
  },
  {
    "Id": "X2.Result.NoMatch",
    "Display": "Thank you,\r\nenjoy your flight.",
    "Color": "#FFFFFFFF",
	"Size":50
  },
  {
    "Id": "X2.Result.NoFace",
    "Display": "One moment,\r\nlet's try that again.",
    "Color": "#FF002B62",
	"Size":50
  }
]